image_id,label,image_width,image_height,is_tma
38366,LGSC,31951,21718,False
63298,HGSC,26067,20341,False
54928,CC,36166,31487,False
18813,CC,54671,32443,False
63429,EC,67783,29066,False
16042,HGSC,77563,26032,False
26190,HGSC,66646,31600,False
64950,HGSC,70968,37971,False
39466,LGSC,45103,29828,False
30868,MC,62945,30028,False
45104,HGSC,68112,29826,False
44232,EC,77992,30533,False
36499,HGSC,29243,24399,False
9697,HGSC,42323,19928,False
1252,HGSC,60420,27480,False
39425,HGSC,68946,41260,False
9154,HGSC,16582,14705,False
3222,EC,31881,21623,False
22740,EC,32370,25928,False
25256,LGSC,47369,25545,False
28393,HGSC,31904,24382,False
26862,LGSC,79527,41540,False
35754,EC,35295,38271,False
26644,HGSC,69027,22189,False
15470,CC,64751,18986,False
31297,MC,67580,46491,False
8805,HGSC,32123,20520,False
47105,EC,39020,39353,False
42296,CC,69260,32815,False
39365,HGSC,54771,21407,False
30738,HGSC,65200,21728,False
40079,EC,29229,22081,False
17291,CC,52562,37932,False
1101,HGSC,26306,18403,False
8240,HGSC,33702,35086,False
50304,EC,52562,47435,False
61689,HGSC,65695,18220,False
28603,CC,61362,33866,False
8279,CC,90550,42022,False
21929,CC,46184,29963,False
52836,EC,44915,32840,False
7490,EC,59147,31826,False
18914,HGSC,61423,20688,False
6281,EC,75116,48293,False
51021,HGSC,72720,37900,False
38019,MC,59023,43223,False
8985,LGSC,65003,31754,False
64111,HGSC,15549,8129,False
39208,MC,61530,28220,False
60287,HGSC,57120,30447,False
10548,CC,79600,25645,False
30272,CC,35785,31903,False
61424,HGSC,44889,26787,False
6898,LGSC,38200,33146,False
56993,MC,51910,47471,False
8130,LGSC,66247,29130,False
281,LGSC,42309,15545,False
36063,CC,83724,35889,False
42260,MC,36450,31720,False
16986,HGSC,33547,28025,False
31033,CC,44126,24065,False
24991,HGSC,33027,20740,False
21303,LGSC,53442,38926,False
9509,HGSC,21288,20626,False
56843,HGSC,71169,19205,False
39252,MC,48980,40700,False
3672,LGSC,62463,21527,False
52846,EC,60466,44891,False
28821,HGSC,33143,23882,False
4,HGSC,23785,20008,False
1289,HGSC,43940,26785,False
30203,CC,55551,36311,False
2666,EC,53270,44031,False
12902,EC,46481,42007,False
37655,HGSC,56807,35254,False
12244,LGSC,27921,17683,False
9183,LGSC,74091,34185,False
54949,HGSC,37903,28174,False
53859,EC,52240,38383,False
1952,CC,33685,38053,False
21910,EC,71431,37669,False
29240,HGSC,60503,37691,False
64188,HGSC,77833,30683,False
16064,EC,42725,32651,False
4827,CC,57240,31509,False
58895,HGSC,40100,43843,False
5265,EC,63815,44795,False
44581,CC,30786,23591,False
35197,CC,55645,43515,False
44976,CC,67671,23860,False
10896,HGSC,48060,37792,False
46769,CC,69343,39330,False
26124,HGSC,29979,23288,False
56351,MC,52939,39618,False
18196,HGSC,64620,28043,False
28066,EC,45784,32200,False
7955,CC,63480,15945,False
31383,EC,53355,44443,False
50048,EC,40062,18080,False
20670,HGSC,63223,15903,False
34822,EC,43631,29642,False
64629,HGSC,25480,14920,False
65022,LGSC,53355,46675,False
39258,LGSC,47191,50155,False
39893,HGSC,57852,43654,False
21373,EC,42911,33671,False
34688,LGSC,27441,19507,False
63015,CC,52483,35320,False
22489,CC,26703,28946,False
34247,HGSC,46241,34689,False
43998,EC,64983,27706,False
14617,EC,24583,18405,False
49281,HGSC,45344,37340,False
40124,EC,55186,32887,False
56875,EC,46242,29086,False
55279,EC,66200,38227,False
44530,MC,53239,49293,False
10143,HGSC,40063,42207,False
54506,HGSC,50800,20620,False
8713,HGSC,70772,48629,False
56500,LGSC,65748,25123,False
1774,HGSC,44231,37571,False
26939,EC,40629,28433,False
22290,CC,60285,24009,False
49995,EC,25197,18134,False
2097,HGSC,31696,21984,False
63897,HGSC,9022,23582,False
42125,CC,43845,46047,False
6359,CC,39280,37289,False
35239,HGSC,61565,44551,False
61493,HGSC,33746,33340,False
54007,HGSC,21462,21749,False
18896,HGSC,56513,26126,False
3055,HGSC,73631,37323,False
33839,LGSC,28733,22106,False
5015,HGSC,48645,44254,False
38901,EC,53515,37187,False
51832,HGSC,75960,21282,False
56947,CC,59288,24926,False
35953,EC,70726,30286,False
15583,LGSC,32821,23837,False
40503,EC,61440,26709,False
3264,HGSC,63480,28313,False
14401,EC,63909,43603,False
31793,LGSC,18693,17541,False
27950,HGSC,57729,21360,False
52275,HGSC,21301,14880,False
6363,EC,69610,43670,False
49942,EC,23622,15342,False
2906,EC,77265,31059,False
1943,CC,73730,34949,False
24617,HGSC,34051,32507,False
7329,EC,26305,33760,False
36008,HGSC,54565,24542,False
52612,LGSC,54144,26303,False
11263,CC,80529,25660,False
38849,LGSC,60283,28011,False
51215,EC,8448,7590,False
2706,HGSC,71289,22569,False
34649,HGSC,34024,38850,False
38041,HGSC,64623,22387,False
46444,EC,32120,26182,False
706,HGSC,75606,25965,False
14542,HGSC,79563,36089,False
5264,HGSC,45054,22207,False
22924,EC,58620,20295,False
1925,HGSC,44847,32951,False
60928,EC,102100,37720,False
45630,EC,65872,46075,False
286,EC,37204,30020,False
29888,HGSC,21977,19338,False
47837,HGSC,35743,37460,False
6582,MC,40304,29208,False
14051,CC,67046,18674,False
51346,CC,84440,48363,False
52438,HGSC,33243,45695,False
3191,CC,10688,23348,False
34720,HGSC,34331,23131,False
38118,EC,77147,34046,False
3084,MC,44749,42274,False
1020,HGSC,36585,33751,False
22425,CC,73230,31569,False
58974,CC,68443,40383,False
13987,CC,65805,38010,False
4608,EC,33155,39867,False
19030,EC,17001,22962,False
61089,HGSC,32369,19660,False
15139,HGSC,74343,38730,False
14424,EC,68995,42311,False
33976,LGSC,38146,21220,False
21445,MC,34200,23705,False
54408,EC,48943,34547,False
43815,HGSC,38935,39255,False
17738,EC,57040,28165,False
47911,HGSC,45465,24590,False
53402,EC,30235,19720,False
26950,CC,35480,40363,False
39269,EC,29455,18346,False
62828,CC,62525,33406,False
57100,HGSC,51000,18220,False
17365,HGSC,43902,26689,False
46688,EC,52508,46680,False
7482,CC,44440,38590,False
45578,EC,71092,22588,False
20858,HGSC,40145,19260,False
64824,CC,46589,19365,False
55287,CC,47680,45400,False
28922,HGSC,40575,27243,False
24759,HGSC,72163,32003,False
9341,HGSC,69320,36671,False
14039,HGSC,27786,14400,False
53059,HGSC,70594,27442,False
17854,HGSC,37328,29531,False
10800,EC,39547,29240,False
18810,EC,70807,41434,False
60988,CC,44333,41947,False
30986,MC,66911,49395,False
20329,MC,67900,48795,False
20312,HGSC,61275,43983,False
25792,HGSC,37300,19280,False
30792,EC,64147,31531,False
8531,EC,51303,27787,False
39172,HGSC,45755,35007,False
29147,HGSC,38610,26181,False
61320,EC,36621,43071,False
15188,EC,53455,47347,False
47960,CC,51720,43711,False
52931,CC,58547,36923,False
32432,EC,35266,20507,False
45185,HGSC,50967,41307,False
51679,EC,38328,32683,False
40639,HGSC,24581,18896,False
32596,HGSC,70523,26526,False
61033,HGSC,69600,29311,False
52375,CC,47643,22007,False
49587,MC,59564,48608,False
35652,HGSC,80866,36163,False
4211,HGSC,35243,34431,False
25331,MC,61896,47117,False
17174,HGSC,31644,29109,False
46543,CC,70031,28015,False
62641,HGSC,16662,32055,False
36639,HGSC,31664,25529,False
46435,HGSC,46123,44540,False
6558,HGSC,47083,38630,False
57711,EC,60530,34049,False
14127,HGSC,47823,19006,False
10469,EC,42181,28660,False
52308,HGSC,29684,22073,False
970,HGSC,32131,18935,False
46172,HGSC,42070,39450,False
44283,CC,20903,24764,False
43432,HGSC,34182,32040,False
19157,HGSC,66127,32663,False
18568,HGSC,51369,46414,False
48973,HGSC,70020,15640,False
4797,MC,53623,38587,False
39297,HGSC,73987,27220,False
25604,EC,31993,21712,False
56221,HGSC,31523,20020,False
18014,CC,58067,24234,False
50962,EC,59670,39962,False
18138,EC,29246,23480,False
39144,HGSC,55448,24327,False
61852,HGSC,33401,36180,False
15293,HGSC,49327,19044,False
46793,HGSC,71300,35403,False
11431,EC,45110,22862,False
17487,EC,33311,27967,False
30369,CC,66146,40994,False
51032,EC,91965,40838,False
11557,LGSC,19624,16602,False
44804,EC,56082,20080,False
15231,CC,100548,38277,False
22654,HGSC,75855,34323,False
26025,LGSC,52560,32700,False
30794,HGSC,52389,38513,False
61100,LGSC,40209,19886,False
38479,EC,58063,32383,False
45990,CC,63660,28000,False
51128,EC,59407,36435,False
36513,HGSC,81240,37483,False
15486,CC,53008,27243,False
38687,CC,61465,29965,False
28519,HGSC,39101,17164,False
53377,CC,36337,25394,False
28028,HGSC,48570,49215,False
15871,HGSC,33559,20877,False
54825,HGSC,55315,24726,False
51893,MC,53524,48275,False
40888,CC,76355,49135,False
48502,MC,44540,17300,False
38018,HGSC,37448,21486,False
59760,EC,59127,28531,False
38097,HGSC,78886,27688,False
37307,MC,46120,39107,False
46736,HGSC,39440,20045,False
65300,HGSC,75860,27503,False
14312,MC,66727,28600,False
22221,EC,36540,31231,False
56799,MC,51304,33963,False
43671,HGSC,40783,36475,False
41361,HGSC,78149,21344,False
63165,CC,30342,12783,False
46139,HGSC,33347,24842,False
29615,CC,36742,27683,False
63836,EC,17416,21934,False
57598,CC,40495,29775,False
20316,HGSC,48631,41367,False
16876,CC,24301,25740,False
25561,HGSC,54584,17787,False
32042,EC,30590,26403,False
29331,HGSC,72886,36720,False
14532,MC,41640,35386,False
15209,HGSC,49503,36931,False
44700,EC,36243,16723,False
28562,MC,65462,32887,False
52108,EC,16621,14700,False
44432,HGSC,27333,18732,False
15671,EC,36960,24947,False
35998,HGSC,30900,29909,False
52752,EC,72263,39683,False
13526,CC,72523,42491,False
50712,HGSC,67800,26380,False
40129,CC,61200,25520,False
16209,HGSC,55973,39506,False
63367,EC,62905,24783,False
5251,HGSC,105763,18704,False
60058,HGSC,28984,15447,False
7204,EC,25302,33623,False
35909,EC,48260,43380,False
10077,EC,53143,39150,False
30539,HGSC,58522,24345,False
49872,LGSC,73050,16818,False
19255,HGSC,64134,35246,False
1295,HGSC,48320,17700,False
3997,MC,49467,29610,False
3098,HGSC,68160,26751,False
21232,EC,41471,18923,False
17416,HGSC,78351,34531,False
51499,EC,43763,30691,False
52420,CC,64391,28803,False
28121,HGSC,73920,35995,False
11417,HGSC,32591,32600,False
5970,CC,27265,22900,False
30508,HGSC,75023,27968,False
47431,MC,67495,46563,False
48550,MC,32431,25393,False
22155,CC,42902,34751,False
4963,HGSC,40708,48923,False
56117,MC,64953,33716,False
50246,EC,60663,24740,False
26533,CC,28420,21151,False
35792,MC,82429,43195,False
31473,HGSC,43454,17267,False
52784,HGSC,25059,22084,False
431,HGSC,39991,40943,False
32032,CC,47250,26631,False
61280,HGSC,43847,23594,False
12222,CC,63651,26220,False
28736,EC,18624,16747,False
54590,HGSC,56010,35066,False
27249,HGSC,27202,26827,False
53900,EC,61164,34452,False
21260,LGSC,61827,14268,False
11559,HGSC,43449,17806,False
36678,MC,76103,40490,False
27739,HGSC,80170,41514,False
6793,EC,69906,38027,False
5307,HGSC,71975,27683,False
3511,EC,29305,17826,False
33984,EC,43205,31323,False
39872,MC,55223,39867,False
25923,CC,27128,27946,False
57162,LGSC,43752,46643,False
3092,LGSC,38308,20600,False
50589,HGSC,34271,21730,False
29200,HGSC,50560,39023,False
32192,HGSC,17392,16832,False
46815,MC,40640,45411,False
36204,HGSC,65229,41831,False
20205,CC,34075,28265,False
65371,HGSC,42551,41800,False
17067,CC,62411,34260,False
6843,HGSC,84220,41951,False
16494,HGSC,48043,25247,False
15742,EC,61726,46995,False
62476,MC,91031,38474,False
1080,HGSC,31336,23200,False
39728,HGSC,43768,27620,False
60936,EC,47082,43243,False
6951,HGSC,44544,35909,False
38048,HGSC,55447,36535,False
1666,HGSC,69900,16083,False
18981,HGSC,29086,35820,False
4877,CC,57724,42954,False
47020,HGSC,71666,36620,False
59900,EC,57345,22048,False
61961,CC,47531,45240,False
27747,HGSC,47487,28122,False
35592,HGSC,61703,27422,False
59002,EC,35043,27707,False
54990,HGSC,76800,32800,False
41099,LGSC,20083,19155,False
29915,CC,68112,33540,False
26603,HGSC,93020,43000,False
27245,HGSC,46928,40170,False
37367,HGSC,39823,29565,False
59515,CC,64700,36387,False
31300,LGSC,22848,19232,False
63941,HGSC,47123,36600,False
59589,HGSC,49751,33607,False
38349,CC,45540,42755,False
43875,HGSC,74627,30260,False
34277,LGSC,65805,35570,False
25928,CC,33540,36394,False
19569,EC,47849,39194,False
5114,HGSC,33646,29171,False
27851,EC,68648,30510,False
50878,HGSC,41808,27147,False
24507,HGSC,31623,33203,False
38669,CC,41105,27185,False
32112,HGSC,45175,30035,False
13364,HGSC,16017,16352,False
6140,HGSC,42775,41227,False
48861,HGSC,41468,20360,False
66,LGSC,48871,48195,False
56861,CC,45535,47147,False
63289,CC,32380,35307,False
5851,HGSC,59353,28393,False
52461,CC,56535,24491,False
9254,MC,59807,37445,False
26219,CC,55045,45975,False
3881,HGSC,28073,14116,False
53688,HGSC,26591,29871,False
32636,EC,80080,35135,False
53098,EC,36830,34000,False
45725,CC,68255,28430,False
10642,HGSC,69213,41391,False
41801,HGSC,81147,42934,False
61823,EC,32807,19314,False
5992,HGSC,70863,28702,False
43390,HGSC,56447,35154,False
33708,LGSC,47787,37629,False
30515,EC,77711,25227,False
1660,CC,83340,20447,False
39146,HGSC,27243,32722,False
10252,LGSC,49053,39794,False
48506,CC,101254,34003,False
34690,EC,31086,15615,False
20463,HGSC,47331,37823,False
39880,CC,40829,28620,False
64771,EC,29163,27940,False
16325,CC,55348,24880,False
38535,HGSC,45920,35052,False
63121,EC,53469,44300,False
39255,HGSC,62867,44147,False
30712,EC,48987,27960,False
6175,HGSC,60306,29620,False
45254,EC,62667,14444,False
5852,LGSC,71905,21963,False
59383,HGSC,39047,37211,False
21432,HGSC,48485,41454,False
55876,EC,28760,15866,False
24023,EC,65282,33033,False
65094,MC,55042,45080,False
58947,CC,58000,38350,False
23629,EC,41900,37320,False
20882,EC,37420,24860,False
6449,CC,81867,43860,False
60685,CC,74009,21583,False
5456,MC,45663,45226,False
43280,EC,79191,29689,False
29904,HGSC,74270,20498,False
31333,HGSC,65543,30023,False
2391,LGSC,58075,26192,False
38959,LGSC,58091,15650,False
57468,HGSC,40802,34003,False
19512,HGSC,90380,41650,False
55281,HGSC,68171,18203,False
24563,CC,60533,49543,False
47984,HGSC,47165,17046,False
37190,MC,83223,45871,False
52259,CC,73411,36474,False
42549,CC,72496,41725,False
32035,HGSC,16861,44075,False
38647,EC,40589,26593,False
18547,HGSC,43646,32109,False
15912,EC,59962,24346,False
18607,EC,44671,32875,False
44962,EC,67046,31872,False
12159,HGSC,33335,22684,False
46469,HGSC,56200,47455,False
10246,EC,48522,38690,False
57265,MC,32506,38820,False
39990,HGSC,28206,32663,False
27315,CC,37183,27885,False
59031,HGSC,48866,47340,False
15221,HGSC,42342,19582,False
65533,HGSC,45190,33980,False
2227,MC,60063,40187,False
23796,LGSC,41540,26909,False
8213,HGSC,36683,25710,False
13387,LGSC,27689,19307,False
34508,MC,29367,27783,False
43796,CC,70772,36940,False
54473,LGSC,63233,19880,False
12442,CC,85729,38439,False
